rdbms_id,chain_name,vendor_id,vendor_code,vendor_name,logo_path,dl_vendor_menu,dl_vendor_deal,dl_homescreen,dl_restlist,dl_deals,rating,discount_id,discount_type,deal_name,end_date,desktop_voucher,desktop_voucher_end_date,mobile_voucher,mobile_voucher_end_date,cuisine_id,cuisine_title,cuisine_img_new,delivery_time,concatenate_id,s3_link
18,【Discount】珍寶廚房 (台北店) (M),2633,w3ai,【Discount】珍寶廚房 (台北店) (M),https://asia-public.foodpanda.com/dynamic/production/tw/images/vendors/w3ai_sqp.jpg,foodpanda://?c=TW&s=c&v=2633,foodpanda://?c=TW&s=e&v=2633,foodpanda://?c=TW,foodpanda://?c=TW&s=s,foodpanda://?c=TW&s=e,4,,,Free delivery!,,,,,,196,便當-小吃,https://foodpanda.com/global_assets/display/2015/11/dpa_nfd/cui/pizza.png,60,263319660,https://s3.amazonaws.com/files.jampp.com/img/foodpanda/TW/TW_2633_196_60_composite.jpg
18,【Discount】珍寶廚房 (台北店) (M),2633,w3ai,【Discount】珍寶廚房 (台北店) (M),https://asia-public.foodpanda.com/dynamic/production/tw/images/vendors/w3ai_sqp.jpg,foodpanda://?c=TW&s=c&v=2633,foodpanda://?c=TW&s=e&v=2633,foodpanda://?c=TW,foodpanda://?c=TW&s=s,foodpanda://?c=TW&s=e,4,,,Free delivery!,,,,,,196,便當-小吃,https://foodpanda.com/global_assets/display/2015/11/dpa_nfd/cui/pizza.png,70,263319670,https://s3.amazonaws.com/files.jampp.com/img/foodpanda/TW/TW_2633_196_70_composite.jpg
18,【Discount】珍寶廚房 (台北店) (M),2633,w3ai,【Discount】珍寶廚房 (台北店) (M),https://asia-public.foodpanda.com/dynamic/production/tw/images/vendors/w3ai_sqp.jpg,foodpanda://?c=TW&s=c&v=2633,foodpanda://?c=TW&s=e&v=2633,foodpanda://?c=TW,foodpanda://?c=TW&s=s,foodpanda://?c=TW&s=e,4,,,Free delivery!,,,,,,201,中西麵食料理,https://foodpanda.com/global_assets/display/2015/11/dpa_nfd/cui/pizza.png,60,263320160,https://s3.amazonaws.com/files.jampp.com/img/foodpanda/TW/TW_2633_201_60_composite.jpg
18,【Discount】珍寶廚房 (台北店) (M),2633,w3ai,【Discount】珍寶廚房 (台北店) (M),https://asia-public.foodpanda.com/dynamic/production/tw/images/vendors/w3ai_sqp.jpg,foodpanda://?c=TW&s=c&v=2633,foodpanda://?c=TW&s=e&v=2633,foodpanda://?c=TW,foodpanda://?c=TW&s=s,foodpanda://?c=TW&s=e,4,,,Free delivery!,,,,,,201,中西麵食料理,https://foodpanda.com/global_assets/display/2015/11/dpa_nfd/cui/pizza.png,70,263320170,https://s3.amazonaws.com/files.jampp.com/img/foodpanda/TW/TW_2633_201_70_composite.jpg
18,【Discount】珍寶廚房 (台北店) (M),2633,w3ai,【Discount】珍寶廚房 (台北店) (M),https://asia-public.foodpanda.com/dynamic/production/tw/images/vendors/w3ai_sqp.jpg,foodpanda://?c=TW&s=c&v=2633,foodpanda://?c=TW&s=e&v=2633,foodpanda://?c=TW,foodpanda://?c=TW&s=s,foodpanda://?c=TW&s=e,4,,,Free delivery!,,,,,,215,飯類料理 ( 丼飯 、飯盒、粥),https://foodpanda.com/global_assets/display/2015/11/dpa_nfd/cui/pizza.png,60,263321560,https://s3.amazonaws.com/files.jampp.com/img/foodpanda/TW/TW_2633_215_60_composite.jpg
18,【Discount】珍寶廚房 (台北店) (M),2633,w3ai,【Discount】珍寶廚房 (台北店) (M),https://asia-public.foodpanda.com/dynamic/production/tw/images/vendors/w3ai_sqp.jpg,foodpanda://?c=TW&s=c&v=2633,foodpanda://?c=TW&s=e&v=2633,foodpanda://?c=TW,foodpanda://?c=TW&s=s,foodpanda://?c=TW&s=e,4,,,Free delivery!,,,,,,215,飯類料理 ( 丼飯 、飯盒、粥),https://foodpanda.com/global_assets/display/2015/11/dpa_nfd/cui/pizza.png,70,263321570,https://s3.amazonaws.com/files.jampp.com/img/foodpanda/TW/TW_2633_215_70_composite.jpg
18,Verona 創義廚房 (台北店),2649,w7vg,Verona 創義廚房 (台北店),https://asia-public.foodpanda.com/dynamic/production/tw/images/vendors/w7vg_1410940039_sqp.gif,foodpanda://?c=TW&s=c&v=2649,foodpanda://?c=TW&s=e&v=2649,foodpanda://?c=TW,foodpanda://?c=TW&s=s,foodpanda://?c=TW&s=e,2,,,Free delivery!,,,,,,161,義式料理,https://foodpanda.com/global_assets/display/2015/11/dpa_nfd/cui/italian.png,50,264916150,https://s3.amazonaws.com/files.jampp.com/img/foodpanda/TW/TW_2649_161_50_composite.jpg
18,Verona 創義廚房 (台北店),2649,w7vg,Verona 創義廚房 (台北店),https://asia-public.foodpanda.com/dynamic/production/tw/images/vendors/w7vg_1410940039_sqp.gif,foodpanda://?c=TW&s=c&v=2649,foodpanda://?c=TW&s=e&v=2649,foodpanda://?c=TW,foodpanda://?c=TW&s=s,foodpanda://?c=TW&s=e,2,,,Free delivery!,,,,,,161,義式料理,https://foodpanda.com/global_assets/display/2015/11/dpa_nfd/cui/italian.png,60,264916160,https://s3.amazonaws.com/files.jampp.com/img/foodpanda/TW/TW_2649_161_60_composite.jpg
18,360度焗御坊 (台北店) (M),2677,w8tf,360度焗御坊 (台北店) (M),https://asia-public.foodpanda.com/dynamic/production/tw/images/vendors/w8tf_sqp.jpg,foodpanda://?c=TW&s=c&v=2677,foodpanda://?c=TW&s=e&v=2677,foodpanda://?c=TW,foodpanda://?c=TW&s=s,foodpanda://?c=TW&s=e,4,,,Free delivery!,,,,,,165,披薩,https://foodpanda.com/global_assets/display/2015/11/dpa_nfd/cui/pizza.png,50,267716550,https://s3.amazonaws.com/files.jampp.com/img/foodpanda/TW/TW_2677_165_50_composite.jpg
18,360度焗御坊 (台北店) (M),2677,w8tf,360度焗御坊 (台北店) (M),https://asia-public.foodpanda.com/dynamic/production/tw/images/vendors/w8tf_sqp.jpg,foodpanda://?c=TW&s=c&v=2677,foodpanda://?c=TW&s=e&v=2677,foodpanda://?c=TW,foodpanda://?c=TW&s=s,foodpanda://?c=TW&s=e,4,,,Free delivery!,,,,,,165,披薩,https://foodpanda.com/global_assets/display/2015/11/dpa_nfd/cui/pizza.png,60,267716560,https://s3.amazonaws.com/files.jampp.com/img/foodpanda/TW/TW_2677_165_60_composite.jpg
18,360度焗御坊 (台北店) (M),2677,w8tf,360度焗御坊 (台北店) (M),https://asia-public.foodpanda.com/dynamic/production/tw/images/vendors/w8tf_sqp.jpg,foodpanda://?c=TW&s=c&v=2677,foodpanda://?c=TW&s=e&v=2677,foodpanda://?c=TW,foodpanda://?c=TW&s=s,foodpanda://?c=TW&s=e,4,,,Free delivery!,,,,,,179,美墨料理,https://foodpanda.com/global_assets/display/2015/11/dpa_nfd/cui/pizza.png,50,267717950,https://s3.amazonaws.com/files.jampp.com/img/foodpanda/TW/TW_2677_179_50_composite.jpg
18,360度焗御坊 (台北店) (M),2677,w8tf,360度焗御坊 (台北店) (M),https://asia-public.foodpanda.com/dynamic/production/tw/images/vendors/w8tf_sqp.jpg,foodpanda://?c=TW&s=c&v=2677,foodpanda://?c=TW&s=e&v=2677,foodpanda://?c=TW,foodpanda://?c=TW&s=s,foodpanda://?c=TW&s=e,4,,,Free delivery!,,,,,,179,美墨料理,https://foodpanda.com/global_assets/display/2015/11/dpa_nfd/cui/pizza.png,60,267717960,https://s3.amazonaws.com/files.jampp.com/img/foodpanda/TW/TW_2677_179_60_composite.jpg
18,蘭花亭 (台北店),3011,w4uv,蘭花亭 (台北店),https://asia-public.foodpanda.com/dynamic/production/tw/images/vendors/w4uv_sqp.gif,foodpanda://?c=TW&s=c&v=3011,foodpanda://?c=TW&s=e&v=3011,foodpanda://?c=TW,foodpanda://?c=TW&s=s,foodpanda://?c=TW&s=e,2,,,Free delivery!,,,,,,196,便當-小吃,https://foodpanda.com/global_assets/display/2015/11/dpa_nfd/cui/pizza.png,50,301119650,https://s3.amazonaws.com/files.jampp.com/img/foodpanda/TW/TW_3011_196_50_composite.jpg
18,蘭花亭 (台北店),3011,w4uv,蘭花亭 (台北店),https://asia-public.foodpanda.com/dynamic/production/tw/images/vendors/w4uv_sqp.gif,foodpanda://?c=TW&s=c&v=3011,foodpanda://?c=TW&s=e&v=3011,foodpanda://?c=TW,foodpanda://?c=TW&s=s,foodpanda://?c=TW&s=e,2,,,Free delivery!,,,,,,196,便當-小吃,https://foodpanda.com/global_assets/display/2015/11/dpa_nfd/cui/pizza.png,60,301119660,https://s3.amazonaws.com/files.jampp.com/img/foodpanda/TW/TW_3011_196_60_composite.jpg
18,蘭花亭 (台北店),3011,w4uv,蘭花亭 (台北店),https://asia-public.foodpanda.com/dynamic/production/tw/images/vendors/w4uv_sqp.gif,foodpanda://?c=TW&s=c&v=3011,foodpanda://?c=TW&s=e&v=3011,foodpanda://?c=TW,foodpanda://?c=TW&s=s,foodpanda://?c=TW&s=e,2,,,Free delivery!,,,,,,201,中西麵食料理,https://foodpanda.com/global_assets/display/2015/11/dpa_nfd/cui/pizza.png,50,301120150,https://s3.amazonaws.com/files.jampp.com/img/foodpanda/TW/TW_3011_201_50_composite.jpg
18,蘭花亭 (台北店),3011,w4uv,蘭花亭 (台北店),https://asia-public.foodpanda.com/dynamic/production/tw/images/vendors/w4uv_sqp.gif,foodpanda://?c=TW&s=c&v=3011,foodpanda://?c=TW&s=e&v=3011,foodpanda://?c=TW,foodpanda://?c=TW&s=s,foodpanda://?c=TW&s=e,2,,,Free delivery!,,,,,,201,中西麵食料理,https://foodpanda.com/global_assets/display/2015/11/dpa_nfd/cui/pizza.png,60,301120160,https://s3.amazonaws.com/files.jampp.com/img/foodpanda/TW/TW_3011_201_60_composite.jpg
18,Ncis 德相美式加州壽司 Ncis Sushi (台北店),3224,w8ci,Ncis 德相美式加州壽司 Ncis Sushi (台北店),https://asia-public.foodpanda.com/dynamic/production/tw/images/vendors/w8ci_sqp.gif,foodpanda://?c=TW&s=c&v=3224,foodpanda://?c=TW&s=e&v=3224,foodpanda://?c=TW,foodpanda://?c=TW&s=s,foodpanda://?c=TW&s=e,4,,,Free delivery!,,,,,,164,日本料理,https://foodpanda.com/global_assets/display/2015/11/dpa_nfd/cui/pizza.png,60,322416460,https://s3.amazonaws.com/files.jampp.com/img/foodpanda/TW/TW_3224_164_60_composite.jpg
18,Ncis 德相美式加州壽司 Ncis Sushi (台北店),3224,w8ci,Ncis 德相美式加州壽司 Ncis Sushi (台北店),https://asia-public.foodpanda.com/dynamic/production/tw/images/vendors/w8ci_sqp.gif,foodpanda://?c=TW&s=c&v=3224,foodpanda://?c=TW&s=e&v=3224,foodpanda://?c=TW,foodpanda://?c=TW&s=s,foodpanda://?c=TW&s=e,4,,,Free delivery!,,,,,,164,日本料理,https://foodpanda.com/global_assets/display/2015/11/dpa_nfd/cui/pizza.png,70,322416470,https://s3.amazonaws.com/files.jampp.com/img/foodpanda/TW/TW_3224_164_70_composite.jpg
18,Ncis 德相美式加州壽司 Ncis Sushi (台北店),3224,w8ci,Ncis 德相美式加州壽司 Ncis Sushi (台北店),https://asia-public.foodpanda.com/dynamic/production/tw/images/vendors/w8ci_sqp.gif,foodpanda://?c=TW&s=c&v=3224,foodpanda://?c=TW&s=e&v=3224,foodpanda://?c=TW,foodpanda://?c=TW&s=s,foodpanda://?c=TW&s=e,4,,,Free delivery!,,,,,,180,壽司-生魚片,https://foodpanda.com/global_assets/display/2015/11/dpa_nfd/cui/pizza.png,60,322418060,https://s3.amazonaws.com/files.jampp.com/img/foodpanda/TW/TW_3224_180_60_composite.jpg
18,Ncis 德相美式加州壽司 Ncis Sushi (台北店),3224,w8ci,Ncis 德相美式加州壽司 Ncis Sushi (台北店),https://asia-public.foodpanda.com/dynamic/production/tw/images/vendors/w8ci_sqp.gif,foodpanda://?c=TW&s=c&v=3224,foodpanda://?c=TW&s=e&v=3224,foodpanda://?c=TW,foodpanda://?c=TW&s=s,foodpanda://?c=TW&s=e,4,,,Free delivery!,,,,,,180,壽司-生魚片,https://foodpanda.com/global_assets/display/2015/11/dpa_nfd/cui/pizza.png,70,322418070,https://s3.amazonaws.com/files.jampp.com/img/foodpanda/TW/TW_3224_180_70_composite.jpg
18,Carnegie'S 卡奈基餐廳 (台北店),3233,w8kh,Carnegie'S 卡奈基餐廳 (台北店),https://asia-public.foodpanda.com/dynamic/production/tw/images/vendors/w8kh_sqp.jpg,foodpanda://?c=TW&s=c&v=3233,foodpanda://?c=TW&s=e&v=3233,foodpanda://?c=TW,foodpanda://?c=TW&s=s,foodpanda://?c=TW&s=e,4,,,Free delivery!,,,,,,175,其他歐系料理,https://foodpanda.com/global_assets/display/2015/11/dpa_nfd/cui/pizza.png,50,323317550,https://s3.amazonaws.com/files.jampp.com/img/foodpanda/TW/TW_3233_175_50_composite.jpg
18,Carnegie'S 卡奈基餐廳 (台北店),3233,w8kh,Carnegie'S 卡奈基餐廳 (台北店),https://asia-public.foodpanda.com/dynamic/production/tw/images/vendors/w8kh_sqp.jpg,foodpanda://?c=TW&s=c&v=3233,foodpanda://?c=TW&s=e&v=3233,foodpanda://?c=TW,foodpanda://?c=TW&s=s,foodpanda://?c=TW&s=e,4,,,Free delivery!,,,,,,175,其他歐系料理,https://foodpanda.com/global_assets/display/2015/11/dpa_nfd/cui/pizza.png,60,323317560,https://s3.amazonaws.com/files.jampp.com/img/foodpanda/TW/TW_3233_175_60_composite.jpg
18,Carnegie'S 卡奈基餐廳 (台北店),3233,w8kh,Carnegie'S 卡奈基餐廳 (台北店),https://asia-public.foodpanda.com/dynamic/production/tw/images/vendors/w8kh_sqp.jpg,foodpanda://?c=TW&s=c&v=3233,foodpanda://?c=TW&s=e&v=3233,foodpanda://?c=TW,foodpanda://?c=TW&s=s,foodpanda://?c=TW&s=e,4,,,Free delivery!,,,,,,179,美墨料理,https://foodpanda.com/global_assets/display/2015/11/dpa_nfd/cui/pizza.png,50,323317950,https://s3.amazonaws.com/files.jampp.com/img/foodpanda/TW/TW_3233_179_50_composite.jpg
18,Carnegie'S 卡奈基餐廳 (台北店),3233,w8kh,Carnegie'S 卡奈基餐廳 (台北店),https://asia-public.foodpanda.com/dynamic/production/tw/images/vendors/w8kh_sqp.jpg,foodpanda://?c=TW&s=c&v=3233,foodpanda://?c=TW&s=e&v=3233,foodpanda://?c=TW,foodpanda://?c=TW&s=s,foodpanda://?c=TW&s=e,4,,,Free delivery!,,,,,,179,美墨料理,https://foodpanda.com/global_assets/display/2015/11/dpa_nfd/cui/pizza.png,60,323317960,https://s3.amazonaws.com/files.jampp.com/img/foodpanda/TW/TW_3233_179_60_composite.jpg
18,Carnegie'S 卡奈基餐廳 (台北店),3233,w8kh,Carnegie'S 卡奈基餐廳 (台北店),https://asia-public.foodpanda.com/dynamic/production/tw/images/vendors/w8kh_sqp.jpg,foodpanda://?c=TW&s=c&v=3233,foodpanda://?c=TW&s=e&v=3233,foodpanda://?c=TW,foodpanda://?c=TW&s=s,foodpanda://?c=TW&s=e,4,,,Free delivery!,,,,,,243,無國界料理與創意料理,https://foodpanda.com/global_assets/display/2015/11/dpa_nfd/cui/pizza.png,50,323324350,https://s3.amazonaws.com/files.jampp.com/img/foodpanda/TW/TW_3233_243_50_composite.jpg
18,Carnegie'S 卡奈基餐廳 (台北店),3233,w8kh,Carnegie'S 卡奈基餐廳 (台北店),https://asia-public.foodpanda.com/dynamic/production/tw/images/vendors/w8kh_sqp.jpg,foodpanda://?c=TW&s=c&v=3233,foodpanda://?c=TW&s=e&v=3233,foodpanda://?c=TW,foodpanda://?c=TW&s=s,foodpanda://?c=TW&s=e,4,,,Free delivery!,,,,,,243,無國界料理與創意料理,https://foodpanda.com/global_assets/display/2015/11/dpa_nfd/cui/pizza.png,60,323324360,https://s3.amazonaws.com/files.jampp.com/img/foodpanda/TW/TW_3233_243_60_composite.jpg
18,印渡風情 Out Of India,3271,w0cj,印渡風情 Out Of India (師大一店) (M),https://asia-public.foodpanda.com/dynamic/production/tw/images/vendors/w0cj_sqp.gif,foodpanda://?c=TW&s=c&v=3271,foodpanda://?c=TW&s=e&v=3271,foodpanda://?c=TW,foodpanda://?c=TW&s=s,foodpanda://?c=TW&s=e,4,,,Free delivery!,,,,,,172,印度料理,https://foodpanda.com/global_assets/display/2015/11/dpa_nfd/sg/cui/indian.png,50,327117250,https://s3.amazonaws.com/files.jampp.com/img/foodpanda/TW/TW_3271_172_50_composite.jpg
18,Macho Tacos,3287,w8sp,【Express】瑪丘墨式餅舖 Macho Tacos (台北延吉店),https://asia-public.foodpanda.com/dynamic/production/tw/images/vendors/w8sp_sqp.jpg,foodpanda://?c=TW&s=c&v=3287,foodpanda://?c=TW&s=e&v=3287,foodpanda://?c=TW,foodpanda://?c=TW&s=s,foodpanda://?c=TW&s=e,4,,,Free delivery!,,,,,,179,美墨料理,https://foodpanda.com/global_assets/display/2015/11/dpa_nfd/cui/pizza.png,40,328717940,https://s3.amazonaws.com/files.jampp.com/img/foodpanda/TW/TW_3287_179_40_composite.jpg
18,Macho Tacos,3287,w8sp,【Express】瑪丘墨式餅舖 Macho Tacos (台北延吉店),https://asia-public.foodpanda.com/dynamic/production/tw/images/vendors/w8sp_sqp.jpg,foodpanda://?c=TW&s=c&v=3287,foodpanda://?c=TW&s=e&v=3287,foodpanda://?c=TW,foodpanda://?c=TW&s=s,foodpanda://?c=TW&s=e,4,,,Free delivery!,,,,,,179,美墨料理,https://foodpanda.com/global_assets/display/2015/11/dpa_nfd/cui/pizza.png,50,328717950,https://s3.amazonaws.com/files.jampp.com/img/foodpanda/TW/TW_3287_179_50_composite.jpg
18,Macho Tacos,3287,w8sp,【Express】瑪丘墨式餅舖 Macho Tacos (台北延吉店),https://asia-public.foodpanda.com/dynamic/production/tw/images/vendors/w8sp_sqp.jpg,foodpanda://?c=TW&s=c&v=3287,foodpanda://?c=TW&s=e&v=3287,foodpanda://?c=TW,foodpanda://?c=TW&s=s,foodpanda://?c=TW&s=e,4,,,Free delivery!,,,,,,179,美墨料理,https://foodpanda.com/global_assets/display/2015/11/dpa_nfd/cui/pizza.png,60,328717960,https://s3.amazonaws.com/files.jampp.com/img/foodpanda/TW/TW_3287_179_60_composite.jpg
18,Macho Tacos,3287,w8sp,【Express】瑪丘墨式餅舖 Macho Tacos (台北延吉店),https://asia-public.foodpanda.com/dynamic/production/tw/images/vendors/w8sp_sqp.jpg,foodpanda://?c=TW&s=c&v=3287,foodpanda://?c=TW&s=e&v=3287,foodpanda://?c=TW,foodpanda://?c=TW&s=s,foodpanda://?c=TW&s=e,4,,,Free delivery!,,,,,,264,輕食 (沙拉、三明治),https://foodpanda.com/global_assets/display/2015/11/dpa_nfd/cui/pizza.png,40,328726440,https://s3.amazonaws.com/files.jampp.com/img/foodpanda/TW/TW_3287_264_40_composite.jpg
18,Macho Tacos,3287,w8sp,【Express】瑪丘墨式餅舖 Macho Tacos (台北延吉店),https://asia-public.foodpanda.com/dynamic/production/tw/images/vendors/w8sp_sqp.jpg,foodpanda://?c=TW&s=c&v=3287,foodpanda://?c=TW&s=e&v=3287,foodpanda://?c=TW,foodpanda://?c=TW&s=s,foodpanda://?c=TW&s=e,4,,,Free delivery!,,,,,,264,輕食 (沙拉、三明治),https://foodpanda.com/global_assets/display/2015/11/dpa_nfd/cui/pizza.png,50,328726450,https://s3.amazonaws.com/files.jampp.com/img/foodpanda/TW/TW_3287_264_50_composite.jpg
18,Macho Tacos,3287,w8sp,【Express】瑪丘墨式餅舖 Macho Tacos (台北延吉店),https://asia-public.foodpanda.com/dynamic/production/tw/images/vendors/w8sp_sqp.jpg,foodpanda://?c=TW&s=c&v=3287,foodpanda://?c=TW&s=e&v=3287,foodpanda://?c=TW,foodpanda://?c=TW&s=s,foodpanda://?c=TW&s=e,4,,,Free delivery!,,,,,,264,輕食 (沙拉、三明治),https://foodpanda.com/global_assets/display/2015/11/dpa_nfd/cui/pizza.png,60,328726460,https://s3.amazonaws.com/files.jampp.com/img/foodpanda/TW/TW_3287_264_60_composite.jpg
18,阿不拉肉圓 (台北店),3292,w5zq,阿不拉肉圓 (台北店),https://asia-public.foodpanda.com/dynamic/production/tw/images/vendors/w5zq_sqp.gif,foodpanda://?c=TW&s=c&v=3292,foodpanda://?c=TW&s=e&v=3292,foodpanda://?c=TW,foodpanda://?c=TW&s=s,foodpanda://?c=TW&s=e,3,,,Free delivery!,,,,,,196,便當-小吃,https://foodpanda.com/global_assets/display/2015/11/dpa_nfd/cui/pizza.png,50,329219650,https://s3.amazonaws.com/files.jampp.com/img/foodpanda/TW/TW_3292_196_50_composite.jpg
18,阿不拉肉圓 (台北店),3292,w5zq,阿不拉肉圓 (台北店),https://asia-public.foodpanda.com/dynamic/production/tw/images/vendors/w5zq_sqp.gif,foodpanda://?c=TW&s=c&v=3292,foodpanda://?c=TW&s=e&v=3292,foodpanda://?c=TW,foodpanda://?c=TW&s=s,foodpanda://?c=TW&s=e,3,,,Free delivery!,,,,,,196,便當-小吃,https://foodpanda.com/global_assets/display/2015/11/dpa_nfd/cui/pizza.png,60,329219660,https://s3.amazonaws.com/files.jampp.com/img/foodpanda/TW/TW_3292_196_60_composite.jpg
18,貝倫烘焙餐坊 (台北店),3349,w0km,貝倫烘焙餐坊 (台北店),https://asia-public.foodpanda.com/dynamic/production/tw/images/vendors/w0km_sqp.jpg,foodpanda://?c=TW&s=c&v=3349,foodpanda://?c=TW&s=e&v=3349,foodpanda://?c=TW,foodpanda://?c=TW&s=s,foodpanda://?c=TW&s=e,4,,,Free delivery!,,,,,,175,其他歐系料理,https://foodpanda.com/global_assets/display/2015/11/dpa_nfd/cui/pizza.png,50,334917550,https://s3.amazonaws.com/files.jampp.com/img/foodpanda/TW/TW_3349_175_50_composite.jpg
18,貝倫烘焙餐坊 (台北店),3349,w0km,貝倫烘焙餐坊 (台北店),https://asia-public.foodpanda.com/dynamic/production/tw/images/vendors/w0km_sqp.jpg,foodpanda://?c=TW&s=c&v=3349,foodpanda://?c=TW&s=e&v=3349,foodpanda://?c=TW,foodpanda://?c=TW&s=s,foodpanda://?c=TW&s=e,4,,,Free delivery!,,,,,,175,其他歐系料理,https://foodpanda.com/global_assets/display/2015/11/dpa_nfd/cui/pizza.png,60,334917560,https://s3.amazonaws.com/files.jampp.com/img/foodpanda/TW/TW_3349_175_60_composite.jpg
18,Route66 美式餐廳 (台北店),3350,w1fz,Route66 美式餐廳 (台北店),https://asia-public.foodpanda.com/dynamic/production/tw/images/vendors/w1fz_sqp.jpg,foodpanda://?c=TW&s=c&v=3350,foodpanda://?c=TW&s=e&v=3350,foodpanda://?c=TW,foodpanda://?c=TW&s=s,foodpanda://?c=TW&s=e,4,,,Free delivery!,,,,,,179,美墨料理,https://foodpanda.com/global_assets/display/2015/11/dpa_nfd/cui/pizza.png,60,335017960,https://s3.amazonaws.com/files.jampp.com/img/foodpanda/TW/TW_3350_179_60_composite.jpg
18,Route66 美式餐廳 (台北店),3350,w1fz,Route66 美式餐廳 (台北店),https://asia-public.foodpanda.com/dynamic/production/tw/images/vendors/w1fz_sqp.jpg,foodpanda://?c=TW&s=c&v=3350,foodpanda://?c=TW&s=e&v=3350,foodpanda://?c=TW,foodpanda://?c=TW&s=s,foodpanda://?c=TW&s=e,4,,,Free delivery!,,,,,,179,美墨料理,https://foodpanda.com/global_assets/display/2015/11/dpa_nfd/cui/pizza.png,70,335017970,https://s3.amazonaws.com/files.jampp.com/img/foodpanda/TW/TW_3350_179_70_composite.jpg
18,貳樓 Second Floor Cafe,3353,w2ex,貳樓 Second Floor Cafe (台北仁愛店),https://asia-public.foodpanda.com/dynamic/production/tw/images/vendors/w2ex_sqp.jpg,foodpanda://?c=TW&s=c&v=3353,foodpanda://?c=TW&s=e&v=3353,foodpanda://?c=TW,foodpanda://?c=TW&s=s,foodpanda://?c=TW&s=e,4,,,Free delivery!,,,,,,198,早午餐,https://foodpanda.com/global_assets/display/2015/11/dpa_nfd/cui/pizza.png,70,335319870,https://s3.amazonaws.com/files.jampp.com/img/foodpanda/TW/TW_3353_198_70_composite.jpg
18,貳樓 Second Floor Cafe,3353,w2ex,貳樓 Second Floor Cafe (台北仁愛店),https://asia-public.foodpanda.com/dynamic/production/tw/images/vendors/w2ex_sqp.jpg,foodpanda://?c=TW&s=c&v=3353,foodpanda://?c=TW&s=e&v=3353,foodpanda://?c=TW,foodpanda://?c=TW&s=s,foodpanda://?c=TW&s=e,4,,,Free delivery!,,,,,,198,早午餐,https://foodpanda.com/global_assets/display/2015/11/dpa_nfd/cui/pizza.png,75,335319875,https://s3.amazonaws.com/files.jampp.com/img/foodpanda/TW/TW_3353_198_75_composite.jpg
18,貳樓 Second Floor Cafe,3353,w2ex,貳樓 Second Floor Cafe (台北仁愛店),https://asia-public.foodpanda.com/dynamic/production/tw/images/vendors/w2ex_sqp.jpg,foodpanda://?c=TW&s=c&v=3353,foodpanda://?c=TW&s=e&v=3353,foodpanda://?c=TW,foodpanda://?c=TW&s=s,foodpanda://?c=TW&s=e,4,,,Free delivery!,,,,,,243,無國界料理與創意料理,https://foodpanda.com/global_assets/display/2015/11/dpa_nfd/cui/pizza.png,70,335324370,https://s3.amazonaws.com/files.jampp.com/img/foodpanda/TW/TW_3353_243_70_composite.jpg
18,貳樓 Second Floor Cafe,3353,w2ex,貳樓 Second Floor Cafe (台北仁愛店),https://asia-public.foodpanda.com/dynamic/production/tw/images/vendors/w2ex_sqp.jpg,foodpanda://?c=TW&s=c&v=3353,foodpanda://?c=TW&s=e&v=3353,foodpanda://?c=TW,foodpanda://?c=TW&s=s,foodpanda://?c=TW&s=e,4,,,Free delivery!,,,,,,243,無國界料理與創意料理,https://foodpanda.com/global_assets/display/2015/11/dpa_nfd/cui/pizza.png,75,335324375,https://s3.amazonaws.com/files.jampp.com/img/foodpanda/TW/TW_3353_243_75_composite.jpg
18,貳樓 Second Floor Cafe,3353,w2ex,貳樓 Second Floor Cafe (台北仁愛店),https://asia-public.foodpanda.com/dynamic/production/tw/images/vendors/w2ex_sqp.jpg,foodpanda://?c=TW&s=c&v=3353,foodpanda://?c=TW&s=e&v=3353,foodpanda://?c=TW,foodpanda://?c=TW&s=s,foodpanda://?c=TW&s=e,4,,,Free delivery!,,,,,,290,精緻套餐,https://foodpanda.com/global_assets/display/2015/11/dpa_nfd/cui/pizza.png,70,335329070,https://s3.amazonaws.com/files.jampp.com/img/foodpanda/TW/TW_3353_290_70_composite.jpg
18,貳樓 Second Floor Cafe,3353,w2ex,貳樓 Second Floor Cafe (台北仁愛店),https://asia-public.foodpanda.com/dynamic/production/tw/images/vendors/w2ex_sqp.jpg,foodpanda://?c=TW&s=c&v=3353,foodpanda://?c=TW&s=e&v=3353,foodpanda://?c=TW,foodpanda://?c=TW&s=s,foodpanda://?c=TW&s=e,4,,,Free delivery!,,,,,,290,精緻套餐,https://foodpanda.com/global_assets/display/2015/11/dpa_nfd/cui/pizza.png,75,335329075,https://s3.amazonaws.com/files.jampp.com/img/foodpanda/TW/TW_3353_290_75_composite.jpg
18,Chili'S Grill & Bar,3371,w7qh,Chili'S Grill & Bar (民生店),https://asia-public.foodpanda.com/dynamic/production/tw/images/vendors/w7qh_1423193161_sqp.gif,foodpanda://?c=TW&s=c&v=3371,foodpanda://?c=TW&s=e&v=3371,foodpanda://?c=TW,foodpanda://?c=TW&s=s,foodpanda://?c=TW&s=e,4,,,Free delivery!,,,,,,179,美墨料理,https://foodpanda.com/global_assets/display/2015/11/dpa_nfd/cui/pizza.png,50,337117950,https://s3.amazonaws.com/files.jampp.com/img/foodpanda/TW/TW_3371_179_50_composite.jpg
18,Chili'S Grill & Bar,3371,w7qh,Chili'S Grill & Bar (民生店),https://asia-public.foodpanda.com/dynamic/production/tw/images/vendors/w7qh_1423193161_sqp.gif,foodpanda://?c=TW&s=c&v=3371,foodpanda://?c=TW&s=e&v=3371,foodpanda://?c=TW,foodpanda://?c=TW&s=s,foodpanda://?c=TW&s=e,4,,,Free delivery!,,,,,,179,美墨料理,https://foodpanda.com/global_assets/display/2015/11/dpa_nfd/cui/pizza.png,60,337117960,https://s3.amazonaws.com/files.jampp.com/img/foodpanda/TW/TW_3371_179_60_composite.jpg
18,Costco好市多 (內湖店),3425,w7kt,Costco好市多 (內湖店),https://asia-public.foodpanda.com/dynamic/production/tw/images/vendors/w7kt_sqp.jpg,foodpanda://?c=TW&s=c&v=3425,foodpanda://?c=TW&s=e&v=3425,foodpanda://?c=TW,foodpanda://?c=TW&s=s,foodpanda://?c=TW&s=e,4,,,Free delivery!,,,,,,165,披薩,https://foodpanda.com/global_assets/display/2015/11/dpa_nfd/cui/pizza.png,60,342516560,https://s3.amazonaws.com/files.jampp.com/img/foodpanda/TW/TW_3425_165_60_composite.jpg
18,Costco好市多 (內湖店),3425,w7kt,Costco好市多 (內湖店),https://asia-public.foodpanda.com/dynamic/production/tw/images/vendors/w7kt_sqp.jpg,foodpanda://?c=TW&s=c&v=3425,foodpanda://?c=TW&s=e&v=3425,foodpanda://?c=TW,foodpanda://?c=TW&s=s,foodpanda://?c=TW&s=e,4,,,Free delivery!,,,,,,165,披薩,https://foodpanda.com/global_assets/display/2015/11/dpa_nfd/cui/pizza.png,70,342516570,https://s3.amazonaws.com/files.jampp.com/img/foodpanda/TW/TW_3425_165_70_composite.jpg
18,Costco好市多 (內湖店),3425,w7kt,Costco好市多 (內湖店),https://asia-public.foodpanda.com/dynamic/production/tw/images/vendors/w7kt_sqp.jpg,foodpanda://?c=TW&s=c&v=3425,foodpanda://?c=TW&s=e&v=3425,foodpanda://?c=TW,foodpanda://?c=TW&s=s,foodpanda://?c=TW&s=e,4,,,Free delivery!,,,,,,264,輕食 (沙拉、三明治),https://foodpanda.com/global_assets/display/2015/11/dpa_nfd/cui/pizza.png,60,342526460,https://s3.amazonaws.com/files.jampp.com/img/foodpanda/TW/TW_3425_264_60_composite.jpg
18,Costco好市多 (內湖店),3425,w7kt,Costco好市多 (內湖店),https://asia-public.foodpanda.com/dynamic/production/tw/images/vendors/w7kt_sqp.jpg,foodpanda://?c=TW&s=c&v=3425,foodpanda://?c=TW&s=e&v=3425,foodpanda://?c=TW,foodpanda://?c=TW&s=s,foodpanda://?c=TW&s=e,4,,,Free delivery!,,,,,,264,輕食 (沙拉、三明治),https://foodpanda.com/global_assets/display/2015/11/dpa_nfd/cui/pizza.png,70,342526470,https://s3.amazonaws.com/files.jampp.com/img/foodpanda/TW/TW_3425_264_70_composite.jpg
18,阿隆師 (台北店),3431,w2or,阿隆師 (台北店),https://asia-public.foodpanda.com/dynamic/production/tw/images/vendors/w2or_sqp.jpg,foodpanda://?c=TW&s=c&v=3431,foodpanda://?c=TW&s=e&v=3431,foodpanda://?c=TW,foodpanda://?c=TW&s=s,foodpanda://?c=TW&s=e,4,,,Free delivery!,,,,,,169,下午茶,https://foodpanda.com/global_assets/display/2015/11/dpa_nfd/cui/pizza.png,50,343116950,https://s3.amazonaws.com/files.jampp.com/img/foodpanda/TW/TW_3431_169_50_composite.jpg
18,阿隆師 (台北店),3431,w2or,阿隆師 (台北店),https://asia-public.foodpanda.com/dynamic/production/tw/images/vendors/w2or_sqp.jpg,foodpanda://?c=TW&s=c&v=3431,foodpanda://?c=TW&s=e&v=3431,foodpanda://?c=TW,foodpanda://?c=TW&s=s,foodpanda://?c=TW&s=e,4,,,Free delivery!,,,,,,169,下午茶,https://foodpanda.com/global_assets/display/2015/11/dpa_nfd/cui/pizza.png,60,343116960,https://s3.amazonaws.com/files.jampp.com/img/foodpanda/TW/TW_3431_169_60_composite.jpg
18,阿隆師 (台北店),3431,w2or,阿隆師 (台北店),https://asia-public.foodpanda.com/dynamic/production/tw/images/vendors/w2or_sqp.jpg,foodpanda://?c=TW&s=c&v=3431,foodpanda://?c=TW&s=e&v=3431,foodpanda://?c=TW,foodpanda://?c=TW&s=s,foodpanda://?c=TW&s=e,4,,,Free delivery!,,,,,,201,中西麵食料理,https://foodpanda.com/global_assets/display/2015/11/dpa_nfd/cui/pizza.png,50,343120150,https://s3.amazonaws.com/files.jampp.com/img/foodpanda/TW/TW_3431_201_50_composite.jpg
18,阿隆師 (台北店),3431,w2or,阿隆師 (台北店),https://asia-public.foodpanda.com/dynamic/production/tw/images/vendors/w2or_sqp.jpg,foodpanda://?c=TW&s=c&v=3431,foodpanda://?c=TW&s=e&v=3431,foodpanda://?c=TW,foodpanda://?c=TW&s=s,foodpanda://?c=TW&s=e,4,,,Free delivery!,,,,,,201,中西麵食料理,https://foodpanda.com/global_assets/display/2015/11/dpa_nfd/cui/pizza.png,60,343120160,https://s3.amazonaws.com/files.jampp.com/img/foodpanda/TW/TW_3431_201_60_composite.jpg
18,Mister Donut,3475,w3uv,Mister Donut (台北復北門市),https://asia-public.foodpanda.com/dynamic/production/tw/images/vendors/w3uv_sqp.jpg,foodpanda://?c=TW&s=c&v=3475,foodpanda://?c=TW&s=e&v=3475,foodpanda://?c=TW,foodpanda://?c=TW&s=s,foodpanda://?c=TW&s=e,4,,,Free delivery!,,,,,,169,下午茶,https://foodpanda.com/global_assets/display/2015/11/dpa_nfd/cui/pizza.png,50,347516950,https://s3.amazonaws.com/files.jampp.com/img/foodpanda/TW/TW_3475_169_50_composite.jpg
18,Mister Donut,3475,w3uv,Mister Donut (台北復北門市),https://asia-public.foodpanda.com/dynamic/production/tw/images/vendors/w3uv_sqp.jpg,foodpanda://?c=TW&s=c&v=3475,foodpanda://?c=TW&s=e&v=3475,foodpanda://?c=TW,foodpanda://?c=TW&s=s,foodpanda://?c=TW&s=e,4,,,Free delivery!,,,,,,169,下午茶,https://foodpanda.com/global_assets/display/2015/11/dpa_nfd/cui/pizza.png,60,347516960,https://s3.amazonaws.com/files.jampp.com/img/foodpanda/TW/TW_3475_169_60_composite.jpg
18,Mister Donut,3475,w3uv,Mister Donut (台北復北門市),https://asia-public.foodpanda.com/dynamic/production/tw/images/vendors/w3uv_sqp.jpg,foodpanda://?c=TW&s=c&v=3475,foodpanda://?c=TW&s=e&v=3475,foodpanda://?c=TW,foodpanda://?c=TW&s=s,foodpanda://?c=TW&s=e,4,,,Free delivery!,,,,,,288,蛋糕-西式點心,https://foodpanda.com/global_assets/display/2015/11/dpa_nfd/cui/pizza.png,50,347528850,https://s3.amazonaws.com/files.jampp.com/img/foodpanda/TW/TW_3475_288_50_composite.jpg
18,Mister Donut,3475,w3uv,Mister Donut (台北復北門市),https://asia-public.foodpanda.com/dynamic/production/tw/images/vendors/w3uv_sqp.jpg,foodpanda://?c=TW&s=c&v=3475,foodpanda://?c=TW&s=e&v=3475,foodpanda://?c=TW,foodpanda://?c=TW&s=s,foodpanda://?c=TW&s=e,4,,,Free delivery!,,,,,,288,蛋糕-西式點心,https://foodpanda.com/global_assets/display/2015/11/dpa_nfd/cui/pizza.png,60,347528860,https://s3.amazonaws.com/files.jampp.com/img/foodpanda/TW/TW_3475_288_60_composite.jpg
18,關山便當 (台北店) (M),3476,w9dj,關山便當 (台北店) (M),https://asia-public.foodpanda.com/dynamic/production/tw/images/vendors/w9dj_sqp.gif,foodpanda://?c=TW&s=c&v=3476,foodpanda://?c=TW&s=e&v=3476,foodpanda://?c=TW,foodpanda://?c=TW&s=s,foodpanda://?c=TW&s=e,4,,,Free delivery!,,,,,,166,中式料理,https://foodpanda.com/global_assets/display/2015/11/dpa_nfd/sg/cui/chinese.png,50,347616650,https://s3.amazonaws.com/files.jampp.com/img/foodpanda/TW/TW_3476_166_50_composite.jpg
18,關山便當 (台北店) (M),3476,w9dj,關山便當 (台北店) (M),https://asia-public.foodpanda.com/dynamic/production/tw/images/vendors/w9dj_sqp.gif,foodpanda://?c=TW&s=c&v=3476,foodpanda://?c=TW&s=e&v=3476,foodpanda://?c=TW,foodpanda://?c=TW&s=s,foodpanda://?c=TW&s=e,4,,,Free delivery!,,,,,,166,中式料理,https://foodpanda.com/global_assets/display/2015/11/dpa_nfd/sg/cui/chinese.png,60,347616660,https://s3.amazonaws.com/files.jampp.com/img/foodpanda/TW/TW_3476_166_60_composite.jpg
18,關山便當 (台北店) (M),3476,w9dj,關山便當 (台北店) (M),https://asia-public.foodpanda.com/dynamic/production/tw/images/vendors/w9dj_sqp.gif,foodpanda://?c=TW&s=c&v=3476,foodpanda://?c=TW&s=e&v=3476,foodpanda://?c=TW,foodpanda://?c=TW&s=s,foodpanda://?c=TW&s=e,4,,,Free delivery!,,,,,,196,便當-小吃,https://foodpanda.com/global_assets/display/2015/11/dpa_nfd/cui/pizza.png,50,347619650,https://s3.amazonaws.com/files.jampp.com/img/foodpanda/TW/TW_3476_196_50_composite.jpg
18,關山便當 (台北店) (M),3476,w9dj,關山便當 (台北店) (M),https://asia-public.foodpanda.com/dynamic/production/tw/images/vendors/w9dj_sqp.gif,foodpanda://?c=TW&s=c&v=3476,foodpanda://?c=TW&s=e&v=3476,foodpanda://?c=TW,foodpanda://?c=TW&s=s,foodpanda://?c=TW&s=e,4,,,Free delivery!,,,,,,196,便當-小吃,https://foodpanda.com/global_assets/display/2015/11/dpa_nfd/cui/pizza.png,60,347619660,https://s3.amazonaws.com/files.jampp.com/img/foodpanda/TW/TW_3476_196_60_composite.jpg
18,關山便當 (台北店) (M),3476,w9dj,關山便當 (台北店) (M),https://asia-public.foodpanda.com/dynamic/production/tw/images/vendors/w9dj_sqp.gif,foodpanda://?c=TW&s=c&v=3476,foodpanda://?c=TW&s=e&v=3476,foodpanda://?c=TW,foodpanda://?c=TW&s=s,foodpanda://?c=TW&s=e,4,,,Free delivery!,,,,,,248,台菜-熱炒,https://foodpanda.com/global_assets/display/2015/11/dpa_nfd/cui/pizza.png,50,347624850,https://s3.amazonaws.com/files.jampp.com/img/foodpanda/TW/TW_3476_248_50_composite.jpg
18,關山便當 (台北店) (M),3476,w9dj,關山便當 (台北店) (M),https://asia-public.foodpanda.com/dynamic/production/tw/images/vendors/w9dj_sqp.gif,foodpanda://?c=TW&s=c&v=3476,foodpanda://?c=TW&s=e&v=3476,foodpanda://?c=TW,foodpanda://?c=TW&s=s,foodpanda://?c=TW&s=e,4,,,Free delivery!,,,,,,248,台菜-熱炒,https://foodpanda.com/global_assets/display/2015/11/dpa_nfd/cui/pizza.png,60,347624860,https://s3.amazonaws.com/files.jampp.com/img/foodpanda/TW/TW_3476_248_60_composite.jpg
18,Chili'S Grill & Bar,3484,w0cc,Chili'S Grill & Bar (西門店),https://asia-public.foodpanda.com/dynamic/production/tw/images/vendors/w0cc_1423193176_sqp.gif,foodpanda://?c=TW&s=c&v=3484,foodpanda://?c=TW&s=e&v=3484,foodpanda://?c=TW,foodpanda://?c=TW&s=s,foodpanda://?c=TW&s=e,4,,,Free delivery!,,,,,,179,美墨料理,https://foodpanda.com/global_assets/display/2015/11/dpa_nfd/cui/pizza.png,50,348417950,https://s3.amazonaws.com/files.jampp.com/img/foodpanda/TW/TW_3484_179_50_composite.jpg
18,Chili'S Grill & Bar,3484,w0cc,Chili'S Grill & Bar (西門店),https://asia-public.foodpanda.com/dynamic/production/tw/images/vendors/w0cc_1423193176_sqp.gif,foodpanda://?c=TW&s=c&v=3484,foodpanda://?c=TW&s=e&v=3484,foodpanda://?c=TW,foodpanda://?c=TW&s=s,foodpanda://?c=TW&s=e,4,,,Free delivery!,,,,,,179,美墨料理,https://foodpanda.com/global_assets/display/2015/11/dpa_nfd/cui/pizza.png,60,348417960,https://s3.amazonaws.com/files.jampp.com/img/foodpanda/TW/TW_3484_179_60_composite.jpg
18,貳樓 Second Floor Cafe,3500,w9lx,貳樓 Second Floor Cafe (台北敦南店),https://asia-public.foodpanda.com/dynamic/production/tw/images/vendors/w9lx_sqp.jpg,foodpanda://?c=TW&s=c&v=3500,foodpanda://?c=TW&s=e&v=3500,foodpanda://?c=TW,foodpanda://?c=TW&s=s,foodpanda://?c=TW&s=e,4,,,Free delivery!,,,,,,175,其他歐系料理,https://foodpanda.com/global_assets/display/2015/11/dpa_nfd/cui/pizza.png,70,350017570,https://s3.amazonaws.com/files.jampp.com/img/foodpanda/TW/TW_3500_175_70_composite.jpg
18,貳樓 Second Floor Cafe,3500,w9lx,貳樓 Second Floor Cafe (台北敦南店),https://asia-public.foodpanda.com/dynamic/production/tw/images/vendors/w9lx_sqp.jpg,foodpanda://?c=TW&s=c&v=3500,foodpanda://?c=TW&s=e&v=3500,foodpanda://?c=TW,foodpanda://?c=TW&s=s,foodpanda://?c=TW&s=e,4,,,Free delivery!,,,,,,175,其他歐系料理,https://foodpanda.com/global_assets/display/2015/11/dpa_nfd/cui/pizza.png,75,350017575,https://s3.amazonaws.com/files.jampp.com/img/foodpanda/TW/TW_3500_175_75_composite.jpg
18,貳樓 Second Floor Cafe,3500,w9lx,貳樓 Second Floor Cafe (台北敦南店),https://asia-public.foodpanda.com/dynamic/production/tw/images/vendors/w9lx_sqp.jpg,foodpanda://?c=TW&s=c&v=3500,foodpanda://?c=TW&s=e&v=3500,foodpanda://?c=TW,foodpanda://?c=TW&s=s,foodpanda://?c=TW&s=e,4,,,Free delivery!,,,,,,198,早午餐,https://foodpanda.com/global_assets/display/2015/11/dpa_nfd/cui/pizza.png,70,350019870,https://s3.amazonaws.com/files.jampp.com/img/foodpanda/TW/TW_3500_198_70_composite.jpg
18,貳樓 Second Floor Cafe,3500,w9lx,貳樓 Second Floor Cafe (台北敦南店),https://asia-public.foodpanda.com/dynamic/production/tw/images/vendors/w9lx_sqp.jpg,foodpanda://?c=TW&s=c&v=3500,foodpanda://?c=TW&s=e&v=3500,foodpanda://?c=TW,foodpanda://?c=TW&s=s,foodpanda://?c=TW&s=e,4,,,Free delivery!,,,,,,198,早午餐,https://foodpanda.com/global_assets/display/2015/11/dpa_nfd/cui/pizza.png,75,350019875,https://s3.amazonaws.com/files.jampp.com/img/foodpanda/TW/TW_3500_198_75_composite.jpg
18,貳樓 Second Floor Cafe,3500,w9lx,貳樓 Second Floor Cafe (台北敦南店),https://asia-public.foodpanda.com/dynamic/production/tw/images/vendors/w9lx_sqp.jpg,foodpanda://?c=TW&s=c&v=3500,foodpanda://?c=TW&s=e&v=3500,foodpanda://?c=TW,foodpanda://?c=TW&s=s,foodpanda://?c=TW&s=e,4,,,Free delivery!,,,,,,243,無國界料理與創意料理,https://foodpanda.com/global_assets/display/2015/11/dpa_nfd/cui/pizza.png,70,350024370,https://s3.amazonaws.com/files.jampp.com/img/foodpanda/TW/TW_3500_243_70_composite.jpg
18,貳樓 Second Floor Cafe,3500,w9lx,貳樓 Second Floor Cafe (台北敦南店),https://asia-public.foodpanda.com/dynamic/production/tw/images/vendors/w9lx_sqp.jpg,foodpanda://?c=TW&s=c&v=3500,foodpanda://?c=TW&s=e&v=3500,foodpanda://?c=TW,foodpanda://?c=TW&s=s,foodpanda://?c=TW&s=e,4,,,Free delivery!,,,,,,243,無國界料理與創意料理,https://foodpanda.com/global_assets/display/2015/11/dpa_nfd/cui/pizza.png,75,350024375,https://s3.amazonaws.com/files.jampp.com/img/foodpanda/TW/TW_3500_243_75_composite.jpg
18,貳樓 Second Floor Cafe,3500,w9lx,貳樓 Second Floor Cafe (台北敦南店),https://asia-public.foodpanda.com/dynamic/production/tw/images/vendors/w9lx_sqp.jpg,foodpanda://?c=TW&s=c&v=3500,foodpanda://?c=TW&s=e&v=3500,foodpanda://?c=TW,foodpanda://?c=TW&s=s,foodpanda://?c=TW&s=e,4,,,Free delivery!,,,,,,290,精緻套餐,https://foodpanda.com/global_assets/display/2015/11/dpa_nfd/cui/pizza.png,70,350029070,https://s3.amazonaws.com/files.jampp.com/img/foodpanda/TW/TW_3500_290_70_composite.jpg
18,貳樓 Second Floor Cafe,3500,w9lx,貳樓 Second Floor Cafe (台北敦南店),https://asia-public.foodpanda.com/dynamic/production/tw/images/vendors/w9lx_sqp.jpg,foodpanda://?c=TW&s=c&v=3500,foodpanda://?c=TW&s=e&v=3500,foodpanda://?c=TW,foodpanda://?c=TW&s=s,foodpanda://?c=TW&s=e,4,,,Free delivery!,,,,,,290,精緻套餐,https://foodpanda.com/global_assets/display/2015/11/dpa_nfd/cui/pizza.png,75,350029075,https://s3.amazonaws.com/files.jampp.com/img/foodpanda/TW/TW_3500_290_75_composite.jpg
18,貳樓 Second Floor Cafe,3501,w8sa,貳樓 Second Floor Cafe (台北公館店),https://asia-public.foodpanda.com/dynamic/production/tw/images/vendors/w8sa_sqp.jpg,foodpanda://?c=TW&s=c&v=3501,foodpanda://?c=TW&s=e&v=3501,foodpanda://?c=TW,foodpanda://?c=TW&s=s,foodpanda://?c=TW&s=e,4,,,Free delivery!,,,,,,198,早午餐,https://foodpanda.com/global_assets/display/2015/11/dpa_nfd/cui/pizza.png,70,350119870,https://s3.amazonaws.com/files.jampp.com/img/foodpanda/TW/TW_3501_198_70_composite.jpg
18,貳樓 Second Floor Cafe,3501,w8sa,貳樓 Second Floor Cafe (台北公館店),https://asia-public.foodpanda.com/dynamic/production/tw/images/vendors/w8sa_sqp.jpg,foodpanda://?c=TW&s=c&v=3501,foodpanda://?c=TW&s=e&v=3501,foodpanda://?c=TW,foodpanda://?c=TW&s=s,foodpanda://?c=TW&s=e,4,,,Free delivery!,,,,,,198,早午餐,https://foodpanda.com/global_assets/display/2015/11/dpa_nfd/cui/pizza.png,75,350119875,https://s3.amazonaws.com/files.jampp.com/img/foodpanda/TW/TW_3501_198_75_composite.jpg
18,貳樓 Second Floor Cafe,3501,w8sa,貳樓 Second Floor Cafe (台北公館店),https://asia-public.foodpanda.com/dynamic/production/tw/images/vendors/w8sa_sqp.jpg,foodpanda://?c=TW&s=c&v=3501,foodpanda://?c=TW&s=e&v=3501,foodpanda://?c=TW,foodpanda://?c=TW&s=s,foodpanda://?c=TW&s=e,4,,,Free delivery!,,,,,,243,無國界料理與創意料理,https://foodpanda.com/global_assets/display/2015/11/dpa_nfd/cui/pizza.png,70,350124370,https://s3.amazonaws.com/files.jampp.com/img/foodpanda/TW/TW_3501_243_70_composite.jpg
18,貳樓 Second Floor Cafe,3501,w8sa,貳樓 Second Floor Cafe (台北公館店),https://asia-public.foodpanda.com/dynamic/production/tw/images/vendors/w8sa_sqp.jpg,foodpanda://?c=TW&s=c&v=3501,foodpanda://?c=TW&s=e&v=3501,foodpanda://?c=TW,foodpanda://?c=TW&s=s,foodpanda://?c=TW&s=e,4,,,Free delivery!,,,,,,243,無國界料理與創意料理,https://foodpanda.com/global_assets/display/2015/11/dpa_nfd/cui/pizza.png,75,350124375,https://s3.amazonaws.com/files.jampp.com/img/foodpanda/TW/TW_3501_243_75_composite.jpg
18,貳樓 Second Floor Cafe,3501,w8sa,貳樓 Second Floor Cafe (台北公館店),https://asia-public.foodpanda.com/dynamic/production/tw/images/vendors/w8sa_sqp.jpg,foodpanda://?c=TW&s=c&v=3501,foodpanda://?c=TW&s=e&v=3501,foodpanda://?c=TW,foodpanda://?c=TW&s=s,foodpanda://?c=TW&s=e,4,,,Free delivery!,,,,,,290,精緻套餐,https://foodpanda.com/global_assets/display/2015/11/dpa_nfd/cui/pizza.png,70,350129070,https://s3.amazonaws.com/files.jampp.com/img/foodpanda/TW/TW_3501_290_70_composite.jpg
18,貳樓 Second Floor Cafe,3501,w8sa,貳樓 Second Floor Cafe (台北公館店),https://asia-public.foodpanda.com/dynamic/production/tw/images/vendors/w8sa_sqp.jpg,foodpanda://?c=TW&s=c&v=3501,foodpanda://?c=TW&s=e&v=3501,foodpanda://?c=TW,foodpanda://?c=TW&s=s,foodpanda://?c=TW&s=e,4,,,Free delivery!,,,,,,290,精緻套餐,https://foodpanda.com/global_assets/display/2015/11/dpa_nfd/cui/pizza.png,75,350129075,https://s3.amazonaws.com/files.jampp.com/img/foodpanda/TW/TW_3501_290_75_composite.jpg
18,Mister Donut,3508,w9mi,Mister Donut (台北溫州門市),https://asia-public.foodpanda.com/dynamic/production/tw/images/vendors/w3uv_sqp.jpg,foodpanda://?c=TW&s=c&v=3508,foodpanda://?c=TW&s=e&v=3508,foodpanda://?c=TW,foodpanda://?c=TW&s=s,foodpanda://?c=TW&s=e,4,,,Free delivery!,,,,,,169,下午茶,https://foodpanda.com/global_assets/display/2015/11/dpa_nfd/cui/pizza.png,50,350816950,https://s3.amazonaws.com/files.jampp.com/img/foodpanda/TW/TW_3508_169_50_composite.jpg
18,Mister Donut,3508,w9mi,Mister Donut (台北溫州門市),https://asia-public.foodpanda.com/dynamic/production/tw/images/vendors/w3uv_sqp.jpg,foodpanda://?c=TW&s=c&v=3508,foodpanda://?c=TW&s=e&v=3508,foodpanda://?c=TW,foodpanda://?c=TW&s=s,foodpanda://?c=TW&s=e,4,,,Free delivery!,,,,,,169,下午茶,https://foodpanda.com/global_assets/display/2015/11/dpa_nfd/cui/pizza.png,60,350816960,https://s3.amazonaws.com/files.jampp.com/img/foodpanda/TW/TW_3508_169_60_composite.jpg
18,Mister Donut,3508,w9mi,Mister Donut (台北溫州門市),https://asia-public.foodpanda.com/dynamic/production/tw/images/vendors/w3uv_sqp.jpg,foodpanda://?c=TW&s=c&v=3508,foodpanda://?c=TW&s=e&v=3508,foodpanda://?c=TW,foodpanda://?c=TW&s=s,foodpanda://?c=TW&s=e,4,,,Free delivery!,,,,,,288,蛋糕-西式點心,https://foodpanda.com/global_assets/display/2015/11/dpa_nfd/cui/pizza.png,50,350828850,https://s3.amazonaws.com/files.jampp.com/img/foodpanda/TW/TW_3508_288_50_composite.jpg
18,Mister Donut,3508,w9mi,Mister Donut (台北溫州門市),https://asia-public.foodpanda.com/dynamic/production/tw/images/vendors/w3uv_sqp.jpg,foodpanda://?c=TW&s=c&v=3508,foodpanda://?c=TW&s=e&v=3508,foodpanda://?c=TW,foodpanda://?c=TW&s=s,foodpanda://?c=TW&s=e,4,,,Free delivery!,,,,,,288,蛋糕-西式點心,https://foodpanda.com/global_assets/display/2015/11/dpa_nfd/cui/pizza.png,60,350828860,https://s3.amazonaws.com/files.jampp.com/img/foodpanda/TW/TW_3508_288_60_composite.jpg
18,巴雷巴雷印度餐廳 Balle Balle Indian Restaurant (台北店),3512,w6vh,巴雷巴雷印度餐廳 Balle Balle Indian Restaurant (台北店),https://asia-public.foodpanda.com/dynamic/production/tw/images/vendors/w6vh_sqp.jpg,foodpanda://?c=TW&s=c&v=3512,foodpanda://?c=TW&s=e&v=3512,foodpanda://?c=TW,foodpanda://?c=TW&s=s,foodpanda://?c=TW&s=e,4,,,Free delivery!,,,,,,172,印度料理,https://foodpanda.com/global_assets/display/2015/11/dpa_nfd/sg/cui/indian.png,50,351217250,https://s3.amazonaws.com/files.jampp.com/img/foodpanda/TW/TW_3512_172_50_composite.jpg
18,巴雷巴雷印度餐廳 Balle Balle Indian Restaurant (台北店),3512,w6vh,巴雷巴雷印度餐廳 Balle Balle Indian Restaurant (台北店),https://asia-public.foodpanda.com/dynamic/production/tw/images/vendors/w6vh_sqp.jpg,foodpanda://?c=TW&s=c&v=3512,foodpanda://?c=TW&s=e&v=3512,foodpanda://?c=TW,foodpanda://?c=TW&s=s,foodpanda://?c=TW&s=e,4,,,Free delivery!,,,,,,172,印度料理,https://foodpanda.com/global_assets/display/2015/11/dpa_nfd/sg/cui/indian.png,60,351217260,https://s3.amazonaws.com/files.jampp.com/img/foodpanda/TW/TW_3512_172_60_composite.jpg
18,貳樓 Second Floor Cafe,3520,w7ls,貳樓 Second Floor Cafe (台北內湖店),https://asia-public.foodpanda.com/dynamic/production/tw/images/vendors/w7ls_sqp.jpg,foodpanda://?c=TW&s=c&v=3520,foodpanda://?c=TW&s=e&v=3520,foodpanda://?c=TW,foodpanda://?c=TW&s=s,foodpanda://?c=TW&s=e,4,,,Free delivery!,,,,,,198,早午餐,https://foodpanda.com/global_assets/display/2015/11/dpa_nfd/cui/pizza.png,70,352019870,https://s3.amazonaws.com/files.jampp.com/img/foodpanda/TW/TW_3520_198_70_composite.jpg
18,貳樓 Second Floor Cafe,3520,w7ls,貳樓 Second Floor Cafe (台北內湖店),https://asia-public.foodpanda.com/dynamic/production/tw/images/vendors/w7ls_sqp.jpg,foodpanda://?c=TW&s=c&v=3520,foodpanda://?c=TW&s=e&v=3520,foodpanda://?c=TW,foodpanda://?c=TW&s=s,foodpanda://?c=TW&s=e,4,,,Free delivery!,,,,,,198,早午餐,https://foodpanda.com/global_assets/display/2015/11/dpa_nfd/cui/pizza.png,75,352019875,https://s3.amazonaws.com/files.jampp.com/img/foodpanda/TW/TW_3520_198_75_composite.jpg
18,貳樓 Second Floor Cafe,3520,w7ls,貳樓 Second Floor Cafe (台北內湖店),https://asia-public.foodpanda.com/dynamic/production/tw/images/vendors/w7ls_sqp.jpg,foodpanda://?c=TW&s=c&v=3520,foodpanda://?c=TW&s=e&v=3520,foodpanda://?c=TW,foodpanda://?c=TW&s=s,foodpanda://?c=TW&s=e,4,,,Free delivery!,,,,,,243,無國界料理與創意料理,https://foodpanda.com/global_assets/display/2015/11/dpa_nfd/cui/pizza.png,70,352024370,https://s3.amazonaws.com/files.jampp.com/img/foodpanda/TW/TW_3520_243_70_composite.jpg
18,貳樓 Second Floor Cafe,3520,w7ls,貳樓 Second Floor Cafe (台北內湖店),https://asia-public.foodpanda.com/dynamic/production/tw/images/vendors/w7ls_sqp.jpg,foodpanda://?c=TW&s=c&v=3520,foodpanda://?c=TW&s=e&v=3520,foodpanda://?c=TW,foodpanda://?c=TW&s=s,foodpanda://?c=TW&s=e,4,,,Free delivery!,,,,,,243,無國界料理與創意料理,https://foodpanda.com/global_assets/display/2015/11/dpa_nfd/cui/pizza.png,75,352024375,https://s3.amazonaws.com/files.jampp.com/img/foodpanda/TW/TW_3520_243_75_composite.jpg
18,貳樓 Second Floor Cafe,3520,w7ls,貳樓 Second Floor Cafe (台北內湖店),https://asia-public.foodpanda.com/dynamic/production/tw/images/vendors/w7ls_sqp.jpg,foodpanda://?c=TW&s=c&v=3520,foodpanda://?c=TW&s=e&v=3520,foodpanda://?c=TW,foodpanda://?c=TW&s=s,foodpanda://?c=TW&s=e,4,,,Free delivery!,,,,,,290,精緻套餐,https://foodpanda.com/global_assets/display/2015/11/dpa_nfd/cui/pizza.png,70,352029070,https://s3.amazonaws.com/files.jampp.com/img/foodpanda/TW/TW_3520_290_70_composite.jpg
18,貳樓 Second Floor Cafe,3520,w7ls,貳樓 Second Floor Cafe (台北內湖店),https://asia-public.foodpanda.com/dynamic/production/tw/images/vendors/w7ls_sqp.jpg,foodpanda://?c=TW&s=c&v=3520,foodpanda://?c=TW&s=e&v=3520,foodpanda://?c=TW,foodpanda://?c=TW&s=s,foodpanda://?c=TW&s=e,4,,,Free delivery!,,,,,,290,精緻套餐,https://foodpanda.com/global_assets/display/2015/11/dpa_nfd/cui/pizza.png,75,352029075,https://s3.amazonaws.com/files.jampp.com/img/foodpanda/TW/TW_3520_290_75_composite.jpg
18,Macho Tacos,3524,w1rk,【Express】瑪丘墨式餅舖 Macho Tacos (台北師大店),https://asia-public.foodpanda.com/dynamic/production/tw/images/vendors/w8sp_sqp.jpg,foodpanda://?c=TW&s=c&v=3524,foodpanda://?c=TW&s=e&v=3524,foodpanda://?c=TW,foodpanda://?c=TW&s=s,foodpanda://?c=TW&s=e,4,,,Free delivery!,,,,,,179,美墨料理,https://foodpanda.com/global_assets/display/2015/11/dpa_nfd/cui/pizza.png,40,352417940,https://s3.amazonaws.com/files.jampp.com/img/foodpanda/TW/TW_3524_179_40_composite.jpg
18,Macho Tacos,3524,w1rk,【Express】瑪丘墨式餅舖 Macho Tacos (台北師大店),https://asia-public.foodpanda.com/dynamic/production/tw/images/vendors/w8sp_sqp.jpg,foodpanda://?c=TW&s=c&v=3524,foodpanda://?c=TW&s=e&v=3524,foodpanda://?c=TW,foodpanda://?c=TW&s=s,foodpanda://?c=TW&s=e,4,,,Free delivery!,,,,,,179,美墨料理,https://foodpanda.com/global_assets/display/2015/11/dpa_nfd/cui/pizza.png,50,352417950,https://s3.amazonaws.com/files.jampp.com/img/foodpanda/TW/TW_3524_179_50_composite.jpg
18,Macho Tacos,3524,w1rk,【Express】瑪丘墨式餅舖 Macho Tacos (台北師大店),https://asia-public.foodpanda.com/dynamic/production/tw/images/vendors/w8sp_sqp.jpg,foodpanda://?c=TW&s=c&v=3524,foodpanda://?c=TW&s=e&v=3524,foodpanda://?c=TW,foodpanda://?c=TW&s=s,foodpanda://?c=TW&s=e,4,,,Free delivery!,,,,,,179,美墨料理,https://foodpanda.com/global_assets/display/2015/11/dpa_nfd/cui/pizza.png,60,352417960,https://s3.amazonaws.com/files.jampp.com/img/foodpanda/TW/TW_3524_179_60_composite.jpg
18,Macho Tacos,3524,w1rk,【Express】瑪丘墨式餅舖 Macho Tacos (台北師大店),https://asia-public.foodpanda.com/dynamic/production/tw/images/vendors/w8sp_sqp.jpg,foodpanda://?c=TW&s=c&v=3524,foodpanda://?c=TW&s=e&v=3524,foodpanda://?c=TW,foodpanda://?c=TW&s=s,foodpanda://?c=TW&s=e,4,,,Free delivery!,,,,,,264,輕食 (沙拉、三明治),https://foodpanda.com/global_assets/display/2015/11/dpa_nfd/cui/pizza.png,40,352426440,https://s3.amazonaws.com/files.jampp.com/img/foodpanda/TW/TW_3524_264_40_composite.jpg
18,Macho Tacos,3524,w1rk,【Express】瑪丘墨式餅舖 Macho Tacos (台北師大店),https://asia-public.foodpanda.com/dynamic/production/tw/images/vendors/w8sp_sqp.jpg,foodpanda://?c=TW&s=c&v=3524,foodpanda://?c=TW&s=e&v=3524,foodpanda://?c=TW,foodpanda://?c=TW&s=s,foodpanda://?c=TW&s=e,4,,,Free delivery!,,,,,,264,輕食 (沙拉、三明治),https://foodpanda.com/global_assets/display/2015/11/dpa_nfd/cui/pizza.png,50,352426450,https://s3.amazonaws.com/files.jampp.com/img/foodpanda/TW/TW_3524_264_50_composite.jpg
18,Macho Tacos,3524,w1rk,【Express】瑪丘墨式餅舖 Macho Tacos (台北師大店),https://asia-public.foodpanda.com/dynamic/production/tw/images/vendors/w8sp_sqp.jpg,foodpanda://?c=TW&s=c&v=3524,foodpanda://?c=TW&s=e&v=3524,foodpanda://?c=TW,foodpanda://?c=TW&s=s,foodpanda://?c=TW&s=e,4,,,Free delivery!,,,,,,264,輕食 (沙拉、三明治),https://foodpanda.com/global_assets/display/2015/11/dpa_nfd/cui/pizza.png,60,352426460,https://s3.amazonaws.com/files.jampp.com/img/foodpanda/TW/TW_3524_264_60_composite.jpg
